[{"model": "admin.logentry", "pk": 1, "fields": {"action_time": "2023-03-22T04:12:29.499Z", "user": 7, "content_type": 4, "object_id": "3", "object_repr": "dsmith", "action_flag": 2, "change_message": "[{\"changed\": {\"fields\": [\"password\"]}}]"}}, {"model": "admin.logentry", "pk": 2, "fields": {"action_time": "2023-03-22T04:12:32.188Z", "user": 7, "content_type": 4, "object_id": "3", "object_repr": "dsmith", "action_flag": 2, "change_message": "[]"}}, {"model": "admin.logentry", "pk": 3, "fields": {"action_time": "2023-03-22T04:12:49.778Z", "user": 7, "content_type": 4, "object_id": "1", "object_repr": "sreese", "action_flag": 2, "change_message": "[{\"changed\": {\"fields\": [\"password\"]}}]"}}, {"model": "admin.logentry", "pk": 4, "fields": {"action_time": "2023-03-22T04:12:52.860Z", "user": 7, "content_type": 4, "object_id": "1", "object_repr": "sreese", "action_flag": 2, "change_message": "[]"}}, {"model": "admin.logentry", "pk": 5, "fields": {"action_time": "2023-03-22T16:23:09.732Z", "user": 7, "content_type": 4, "object_id": "2", "object_repr": "mlockwood", "action_flag": 2, "change_message": "[{\"changed\": {\"fields\": [\"password\"]}}]"}}, {"model": "admin.logentry", "pk": 6, "fields": {"action_time": "2023-03-22T16:23:12.701Z", "user": 7, "content_type": 4, "object_id": "2", "object_repr": "mlockwood", "action_flag": 2, "change_message": "[]"}}, {"model": "admin.logentry", "pk": 7, "fields": {"action_time": "2023-03-22T16:23:27.870Z", "user": 7, "content_type": 4, "object_id": "4", "object_repr": "whalstead", "action_flag": 2, "change_message": "[{\"changed\": {\"fields\": [\"password\"]}}]"}}, {"model": "admin.logentry", "pk": 8, "fields": {"action_time": "2023-03-22T16:23:32.428Z", "user": 7, "content_type": 4, "object_id": "4", "object_repr": "whalstead", "action_flag": 2, "change_message": "[]"}}, {"model": "admin.logentry", "pk": 9, "fields": {"action_time": "2023-03-24T00:02:48.885Z", "user": 7, "content_type": 4, "object_id": "10", "object_repr": "tdutta", "action_flag": 2, "change_message": "[{\"changed\": {\"fields\": [\"password\"]}}]"}}, {"model": "admin.logentry", "pk": 10, "fields": {"action_time": "2023-03-24T00:02:51.520Z", "user": 7, "content_type": 4, "object_id": "10", "object_repr": "tdutta", "action_flag": 2, "change_message": "[]"}}, {"model": "admin.logentry", "pk": 11, "fields": {"action_time": "2023-03-24T12:19:49.835Z", "user": 7, "content_type": 4, "object_id": "9", "object_repr": "sbrownlee", "action_flag": 3, "change_message": ""}}, {"model": "admin.logentry", "pk": 12, "fields": {"action_time": "2023-03-24T12:19:59.283Z", "user": 7, "content_type": 4, "object_id": "12", "object_repr": "rdas", "action_flag": 3, "change_message": ""}}, {"model": "admin.logentry", "pk": 13, "fields": {"action_time": "2023-03-24T12:20:07.391Z", "user": 7, "content_type": 4, "object_id": "11", "object_repr": "emusk", "action_flag": 3, "change_message": ""}}, {"model": "admin.logentry", "pk": 14, "fields": {"action_time": "2023-03-24T12:20:18.676Z", "user": 7, "content_type": 4, "object_id": "8", "object_repr": "rparker", "action_flag": 3, "change_message": ""}}, {"model": "admin.logentry", "pk": 15, "fields": {"action_time": "2023-04-02T03:00:47.694Z", "user": 7, "content_type": 4, "object_id": "13", "object_repr": "rparker", "action_flag": 2, "change_message": "[{\"changed\": {\"fields\": [\"password\"]}}]"}}, {"model": "admin.logentry", "pk": 16, "fields": {"action_time": "2023-04-02T03:00:52.023Z", "user": 7, "content_type": 4, "object_id": "13", "object_repr": "rparker", "action_flag": 2, "change_message": "[]"}}, {"model": "admin.logentry", "pk": 17, "fields": {"action_time": "2023-04-02T03:06:45.012Z", "user": 7, "content_type": 4, "object_id": "10", "object_repr": "tdutta", "action_flag": 2, "change_message": "[{\"changed\": {\"fields\": [\"password\"]}}]"}}, {"model": "admin.logentry", "pk": 18, "fields": {"action_time": "2023-04-02T03:06:48.962Z", "user": 7, "content_type": 4, "object_id": "10", "object_repr": "tdutta", "action_flag": 2, "change_message": "[]"}}, {"model": "admin.logentry", "pk": 19, "fields": {"action_time": "2023-04-04T19:05:19.911Z", "user": 7, "content_type": 4, "object_id": "14", "object_repr": "sbrownlee", "action_flag": 3, "change_message": ""}}, {"model": "admin.logentry", "pk": 20, "fields": {"action_time": "2023-04-04T19:08:12.394Z", "user": 7, "content_type": 4, "object_id": "13", "object_repr": "rparker", "action_flag": 3, "change_message": ""}}, {"model": "admin.logentry", "pk": 21, "fields": {"action_time": "2023-04-04T19:08:12.396Z", "user": 7, "content_type": 4, "object_id": "10", "object_repr": "tdutta", "action_flag": 3, "change_message": ""}}, {"model": "admin.logentry", "pk": 22, "fields": {"action_time": "2023-04-04T19:13:21.050Z", "user": 7, "content_type": 4, "object_id": "15", "object_repr": "echoi", "action_flag": 3, "change_message": ""}}, {"model": "admin.logentry", "pk": 23, "fields": {"action_time": "2023-04-04T19:16:58.715Z", "user": 7, "content_type": 4, "object_id": "16", "object_repr": "echoi", "action_flag": 3, "change_message": ""}}, {"model": "admin.logentry", "pk": 24, "fields": {"action_time": "2023-04-04T20:28:57.732Z", "user": 7, "content_type": 4, "object_id": "17", "object_repr": "echoi", "action_flag": 3, "change_message": ""}}, {"model": "admin.logentry", "pk": 25, "fields": {"action_time": "2023-04-04T21:00:47.704Z", "user": 7, "content_type": 4, "object_id": "18", "object_repr": "echoi", "action_flag": 3, "change_message": ""}}, {"model": "admin.logentry", "pk": 26, "fields": {"action_time": "2023-04-04T21:37:59.133Z", "user": 7, "content_type": 4, "object_id": "19", "object_repr": "echoi", "action_flag": 3, "change_message": ""}}, {"model": "admin.logentry", "pk": 27, "fields": {"action_time": "2023-04-04T21:47:12.723Z", "user": 7, "content_type": 4, "object_id": "20", "object_repr": "echoi", "action_flag": 3, "change_message": ""}}, {"model": "admin.logentry", "pk": 28, "fields": {"action_time": "2023-04-08T20:42:07.641Z", "user": 7, "content_type": 4, "object_id": "25", "object_repr": "adsf", "action_flag": 3, "change_message": ""}}, {"model": "admin.logentry", "pk": 29, "fields": {"action_time": "2023-04-08T20:42:07.643Z", "user": 7, "content_type": 4, "object_id": "22", "object_repr": "asmith", "action_flag": 3, "change_message": ""}}, {"model": "admin.logentry", "pk": 30, "fields": {"action_time": "2023-04-08T20:42:07.644Z", "user": 7, "content_type": 4, "object_id": "26", "object_repr": "dsfasdf", "action_flag": 3, "change_message": ""}}, {"model": "admin.logentry", "pk": 31, "fields": {"action_time": "2023-04-08T20:42:07.645Z", "user": 7, "content_type": 4, "object_id": "24", "object_repr": "dthomas", "action_flag": 3, "change_message": ""}}, {"model": "admin.logentry", "pk": 32, "fields": {"action_time": "2023-04-08T20:42:07.646Z", "user": 7, "content_type": 4, "object_id": "21", "object_repr": "echoi", "action_flag": 3, "change_message": ""}}, {"model": "admin.logentry", "pk": 33, "fields": {"action_time": "2023-04-08T20:42:07.646Z", "user": 7, "content_type": 4, "object_id": "27", "object_repr": "fgnbgnbgb", "action_flag": 3, "change_message": ""}}, {"model": "admin.logentry", "pk": 34, "fields": {"action_time": "2023-04-08T20:42:07.647Z", "user": 7, "content_type": 4, "object_id": "28", "object_repr": "fgnbgnbgbyguygu", "action_flag": 3, "change_message": ""}}, {"model": "admin.logentry", "pk": 35, "fields": {"action_time": "2023-04-08T20:42:07.648Z", "user": 7, "content_type": 4, "object_id": "31", "object_repr": "hbiutiugik7", "action_flag": 3, "change_message": ""}}, {"model": "admin.logentry", "pk": 36, "fields": {"action_time": "2023-04-08T20:42:07.649Z", "user": 7, "content_type": 4, "object_id": "23", "object_repr": "jsmith", "action_flag": 3, "change_message": ""}}, {"model": "admin.logentry", "pk": 37, "fields": {"action_time": "2023-04-08T20:42:07.649Z", "user": 7, "content_type": 4, "object_id": "29", "object_repr": "jsnkjdwd555", "action_flag": 3, "change_message": ""}}, {"model": "admin.logentry", "pk": 38, "fields": {"action_time": "2023-04-08T20:42:07.650Z", "user": 7, "content_type": 4, "object_id": "30", "object_repr": "kqjwndkjw98eond", "action_flag": 3, "change_message": ""}}, {"model": "admin.logentry", "pk": 39, "fields": {"action_time": "2023-04-08T21:48:37.864Z", "user": 7, "content_type": 4, "object_id": "33", "object_repr": "abc", "action_flag": 3, "change_message": ""}}, {"model": "admin.logentry", "pk": 40, "fields": {"action_time": "2023-04-08T21:48:37.866Z", "user": 7, "content_type": 4, "object_id": "34", "object_repr": "abcd", "action_flag": 3, "change_message": ""}}, {"model": "admin.logentry", "pk": 41, "fields": {"action_time": "2023-04-08T21:48:37.867Z", "user": 7, "content_type": 4, "object_id": "35", "object_repr": "abcrrggrwe", "action_flag": 3, "change_message": ""}}, {"model": "admin.logentry", "pk": 42, "fields": {"action_time": "2023-04-08T21:48:37.868Z", "user": 7, "content_type": 4, "object_id": "32", "object_repr": "weeffefwef", "action_flag": 3, "change_message": ""}}, {"model": "admin.logentry", "pk": 43, "fields": {"action_time": "2023-04-18T23:14:04.084Z", "user": 7, "content_type": 4, "object_id": "36", "object_repr": "echoi", "action_flag": 3, "change_message": ""}}, {"model": "admin.logentry", "pk": 44, "fields": {"action_time": "2023-04-19T00:09:14.236Z", "user": 7, "content_type": 4, "object_id": "37", "object_repr": "echoi", "action_flag": 3, "change_message": ""}}, {"model": "admin.logentry", "pk": 45, "fields": {"action_time": "2023-04-19T00:16:31.652Z", "user": 7, "content_type": 4, "object_id": "38", "object_repr": "echoi", "action_flag": 3, "change_message": ""}}, {"model": "admin.logentry", "pk": 46, "fields": {"action_time": "2023-04-19T00:20:25.685Z", "user": 7, "content_type": 4, "object_id": "39", "object_repr": "echoi", "action_flag": 3, "change_message": ""}}, {"model": "admin.logentry", "pk": 47, "fields": {"action_time": "2023-04-19T01:58:41.844Z", "user": 7, "content_type": 4, "object_id": "5", "object_repr": "mjamison", "action_flag": 2, "change_message": "[{\"changed\": {\"fields\": [\"password\"]}}]"}}, {"model": "admin.logentry", "pk": 48, "fields": {"action_time": "2023-04-19T01:58:46.482Z", "user": 7, "content_type": 4, "object_id": "5", "object_repr": "mjamison", "action_flag": 2, "change_message": "[]"}}, {"model": "admin.logentry", "pk": 49, "fields": {"action_time": "2023-04-19T02:01:34.058Z", "user": 7, "content_type": 4, "object_id": "5", "object_repr": "mjamison", "action_flag": 2, "change_message": "[{\"changed\": {\"fields\": [\"password\"]}}]"}}, {"model": "admin.logentry", "pk": 50, "fields": {"action_time": "2023-04-19T02:01:37.343Z", "user": 7, "content_type": 4, "object_id": "5", "object_repr": "mjamison", "action_flag": 2, "change_message": "[]"}}, {"model": "admin.logentry", "pk": 51, "fields": {"action_time": "2023-04-19T02:02:04.734Z", "user": 7, "content_type": 4, "object_id": "5", "object_repr": "mjamison", "action_flag": 3, "change_message": ""}}, {"model": "admin.logentry", "pk": 52, "fields": {"action_time": "2023-04-19T21:53:34.256Z", "user": 7, "content_type": 4, "object_id": "40", "object_repr": "echoi", "action_flag": 3, "change_message": ""}}, {"model": "admin.logentry", "pk": 53, "fields": {"action_time": "2023-04-19T22:02:55.399Z", "user": 7, "content_type": 4, "object_id": "42", "object_repr": "echoi", "action_flag": 3, "change_message": ""}}, {"model": "admin.logentry", "pk": 54, "fields": {"action_time": "2023-04-19T22:06:06.208Z", "user": 7, "content_type": 4, "object_id": "43", "object_repr": "echoi", "action_flag": 3, "change_message": ""}}, {"model": "auth.permission", "pk": 1, "fields": {"name": "Can add log entry", "content_type": 1, "codename": "add_logentry"}}, {"model": "auth.permission", "pk": 2, "fields": {"name": "Can change log entry", "content_type": 1, "codename": "change_logentry"}}, {"model": "auth.permission", "pk": 3, "fields": {"name": "Can delete log entry", "content_type": 1, "codename": "delete_logentry"}}, {"model": "auth.permission", "pk": 4, "fields": {"name": "Can view log entry", "content_type": 1, "codename": "view_logentry"}}, {"model": "auth.permission", "pk": 5, "fields": {"name": "Can add permission", "content_type": 2, "codename": "add_permission"}}, {"model": "auth.permission", "pk": 6, "fields": {"name": "Can change permission", "content_type": 2, "codename": "change_permission"}}, {"model": "auth.permission", "pk": 7, "fields": {"name": "Can delete permission", "content_type": 2, "codename": "delete_permission"}}, {"model": "auth.permission", "pk": 8, "fields": {"name": "Can view permission", "content_type": 2, "codename": "view_permission"}}, {"model": "auth.permission", "pk": 9, "fields": {"name": "Can add group", "content_type": 3, "codename": "add_group"}}, {"model": "auth.permission", "pk": 10, "fields": {"name": "Can change group", "content_type": 3, "codename": "change_group"}}, {"model": "auth.permission", "pk": 11, "fields": {"name": "Can delete group", "content_type": 3, "codename": "delete_group"}}, {"model": "auth.permission", "pk": 12, "fields": {"name": "Can view group", "content_type": 3, "codename": "view_group"}}, {"model": "auth.permission", "pk": 13, "fields": {"name": "Can add user", "content_type": 4, "codename": "add_user"}}, {"model": "auth.permission", "pk": 14, "fields": {"name": "Can change user", "content_type": 4, "codename": "change_user"}}, {"model": "auth.permission", "pk": 15, "fields": {"name": "Can delete user", "content_type": 4, "codename": "delete_user"}}, {"model": "auth.permission", "pk": 16, "fields": {"name": "Can view user", "content_type": 4, "codename": "view_user"}}, {"model": "auth.permission", "pk": 17, "fields": {"name": "Can add content type", "content_type": 5, "codename": "add_contenttype"}}, {"model": "auth.permission", "pk": 18, "fields": {"name": "Can change content type", "content_type": 5, "codename": "change_contenttype"}}, {"model": "auth.permission", "pk": 19, "fields": {"name": "Can delete content type", "content_type": 5, "codename": "delete_contenttype"}}, {"model": "auth.permission", "pk": 20, "fields": {"name": "Can view content type", "content_type": 5, "codename": "view_contenttype"}}, {"model": "auth.permission", "pk": 21, "fields": {"name": "Can add session", "content_type": 6, "codename": "add_session"}}, {"model": "auth.permission", "pk": 22, "fields": {"name": "Can change session", "content_type": 6, "codename": "change_session"}}, {"model": "auth.permission", "pk": 23, "fields": {"name": "Can delete session", "content_type": 6, "codename": "delete_session"}}, {"model": "auth.permission", "pk": 24, "fields": {"name": "Can view session", "content_type": 6, "codename": "view_session"}}, {"model": "auth.permission", "pk": 25, "fields": {"name": "Can add Token", "content_type": 7, "codename": "add_token"}}, {"model": "auth.permission", "pk": 26, "fields": {"name": "Can change Token", "content_type": 7, "codename": "change_token"}}, {"model": "auth.permission", "pk": 27, "fields": {"name": "Can delete Token", "content_type": 7, "codename": "delete_token"}}, {"model": "auth.permission", "pk": 28, "fields": {"name": "Can view Token", "content_type": 7, "codename": "view_token"}}, {"model": "auth.permission", "pk": 29, "fields": {"name": "Can add token", "content_type": 8, "codename": "add_tokenproxy"}}, {"model": "auth.permission", "pk": 30, "fields": {"name": "Can change token", "content_type": 8, "codename": "change_tokenproxy"}}, {"model": "auth.permission", "pk": 31, "fields": {"name": "Can delete token", "content_type": 8, "codename": "delete_tokenproxy"}}, {"model": "auth.permission", "pk": 32, "fields": {"name": "Can view token", "content_type": 8, "codename": "view_tokenproxy"}}, {"model": "auth.permission", "pk": 33, "fields": {"name": "Can add employee", "content_type": 9, "codename": "add_employee"}}, {"model": "auth.permission", "pk": 34, "fields": {"name": "Can change employee", "content_type": 9, "codename": "change_employee"}}, {"model": "auth.permission", "pk": 35, "fields": {"name": "Can delete employee", "content_type": 9, "codename": "delete_employee"}}, {"model": "auth.permission", "pk": 36, "fields": {"name": "Can view employee", "content_type": 9, "codename": "view_employee"}}, {"model": "auth.permission", "pk": 37, "fields": {"name": "Can add resident", "content_type": 10, "codename": "add_resident"}}, {"model": "auth.permission", "pk": 38, "fields": {"name": "Can change resident", "content_type": 10, "codename": "change_resident"}}, {"model": "auth.permission", "pk": 39, "fields": {"name": "Can delete resident", "content_type": 10, "codename": "delete_resident"}}, {"model": "auth.permission", "pk": 40, "fields": {"name": "Can view resident", "content_type": 10, "codename": "view_resident"}}, {"model": "auth.permission", "pk": 41, "fields": {"name": "Can add weight sheet", "content_type": 11, "codename": "add_weightsheet"}}, {"model": "auth.permission", "pk": 42, "fields": {"name": "Can change weight sheet", "content_type": 11, "codename": "change_weightsheet"}}, {"model": "auth.permission", "pk": 43, "fields": {"name": "Can delete weight sheet", "content_type": 11, "codename": "delete_weightsheet"}}, {"model": "auth.permission", "pk": 44, "fields": {"name": "Can view weight sheet", "content_type": 11, "codename": "view_weightsheet"}}, {"model": "auth.permission", "pk": 45, "fields": {"name": "Can add weight", "content_type": 12, "codename": "add_weight"}}, {"model": "auth.permission", "pk": 46, "fields": {"name": "Can change weight", "content_type": 12, "codename": "change_weight"}}, {"model": "auth.permission", "pk": 47, "fields": {"name": "Can delete weight", "content_type": 12, "codename": "delete_weight"}}, {"model": "auth.permission", "pk": 48, "fields": {"name": "Can view weight", "content_type": 12, "codename": "view_weight"}}, {"model": "auth.permission", "pk": 49, "fields": {"name": "Can add message", "content_type": 13, "codename": "add_message"}}, {"model": "auth.permission", "pk": 50, "fields": {"name": "Can change message", "content_type": 13, "codename": "change_message"}}, {"model": "auth.permission", "pk": 51, "fields": {"name": "Can delete message", "content_type": 13, "codename": "delete_message"}}, {"model": "auth.permission", "pk": 52, "fields": {"name": "Can view message", "content_type": 13, "codename": "view_message"}}, {"model": "auth.permission", "pk": 53, "fields": {"name": "Can add employee message", "content_type": 14, "codename": "add_employeemessage"}}, {"model": "auth.permission", "pk": 54, "fields": {"name": "Can change employee message", "content_type": 14, "codename": "change_employeemessage"}}, {"model": "auth.permission", "pk": 55, "fields": {"name": "Can delete employee message", "content_type": 14, "codename": "delete_employeemessage"}}, {"model": "auth.permission", "pk": 56, "fields": {"name": "Can view employee message", "content_type": 14, "codename": "view_employeemessage"}}, {"model": "auth.user", "pk": 1, "fields": {"password": "pbkdf2_sha256$390000$8tNb7mfMk92S6CJyW1jzSR$2c/EQDTJqEl6Qs7kb4Y0mcID/cKTygushuZ/np1NfMs=", "last_login": null, "is_superuser": false, "username": "sreese", "first_name": "Sarah", "last_name": "Reese", "email": "sreese@gsrh.com", "is_staff": true, "is_active": true, "date_joined": "2020-08-28T14:51:39Z", "groups": [], "user_permissions": []}}, {"model": "auth.user", "pk": 2, "fields": {"password": "pbkdf2_sha256$390000$xU4IOT2zNeZtfNhryJcHdC$mkdJCYw/pSknoElVvk1l5WR+QcP5+ojHwkWIwTlJGEY=", "last_login": null, "is_superuser": false, "username": "mlockwood", "first_name": "Maggie", "last_name": "Lockwood", "email": "mlockwood@gsrh.com", "is_staff": true, "is_active": true, "date_joined": "2015-09-28T14:51:39Z", "groups": [], "user_permissions": []}}, {"model": "auth.user", "pk": 3, "fields": {"password": "pbkdf2_sha256$390000$so0dDlUWjYBUfFopAyk0hy$w3dgytshnmj5fKw5QUc69zKMCFUMbfBD7Qw0PldnSZE=", "last_login": null, "is_superuser": false, "username": "dsmith", "first_name": "Doris", "last_name": "Smith", "email": "dsmith@gsrh.com", "is_staff": true, "is_active": true, "date_joined": "2017-09-28T14:51:39Z", "groups": [], "user_permissions": []}}, {"model": "auth.user", "pk": 4, "fields": {"password": "pbkdf2_sha256$390000$5ksaFaNtWx5vJV19VzYq0F$ivT4SoE286DCapyhfNMJfY6nrWu84MJpapjsVq0M9+E=", "last_login": null, "is_superuser": false, "username": "whalstead", "first_name": "Will", "last_name": "Halstead", "email": "whalstead@gsrh.com", "is_staff": true, "is_active": true, "date_joined": "2013-10-28T14:51:39Z", "groups": [], "user_permissions": []}}, {"model": "auth.user", "pk": 6, "fields": {"password": "pbkdf2_sha256$390000$zGhk1DA8dsqtW59eQBezrz$wcR0OQT4zQc4zbDSfjy6hwNhTpukEu0dN5BU0O8NtoM=", "last_login": null, "is_superuser": false, "username": "asexton", "first_name": "April", "last_name": "Sexton", "email": "asexton@gsrh.com", "is_staff": true, "is_active": true, "date_joined": "2018-08-28T14:51:39.989Z", "groups": [], "user_permissions": []}}, {"model": "auth.user", "pk": 7, "fields": {"password": "pbkdf2_sha256$390000$REVlcyvnfhYmSvShagqpWh$Zg74ZXdD1fXvfel3cK7ZLGaum47HgcWThFDXubFXQK8=", "last_login": "2023-05-27T14:36:00.823Z", "is_superuser": true, "username": "admin", "first_name": "", "last_name": "", "email": "a@a.com", "is_staff": true, "is_active": true, "date_joined": "2023-03-22T04:11:11.059Z", "groups": [], "user_permissions": []}}, {"model": "auth.user", "pk": 41, "fields": {"password": "pbkdf2_sha256$390000$AVRhaIX79dVbdhrFkRTZYV$ZdeaarAL01nc/2/vIQx5W2daDcq8LRB/CmxDgXKcixA=", "last_login": null, "is_superuser": false, "username": "fschmidt", "first_name": "Frieda", "last_name": "Schmidt", "email": "Frieda.Schmidt7@gsrh.com", "is_staff": false, "is_active": true, "date_joined": "2023-04-19T02:03:43.564Z", "groups": [], "user_permissions": []}}, {"model": "auth.user", "pk": 44, "fields": {"password": "pbkdf2_sha256$390000$3JyOci020SclkkgAkG8Bqz$gzDubvRaiKakzTLVQ/ifV57Daoq7uyZhpcWF6luGGk8=", "last_login": null, "is_superuser": false, "username": "echoi", "first_name": "Emily", "last_name": "Choi", "email": "Emily.Choi3@gsrh.com", "is_staff": false, "is_active": true, "date_joined": "2023-04-19T22:07:04.724Z", "groups": [], "user_permissions": []}}, {"model": "contenttypes.contenttype", "pk": 1, "fields": {"app_label": "admin", "model": "logentry"}}, {"model": "contenttypes.contenttype", "pk": 2, "fields": {"app_label": "auth", "model": "permission"}}, {"model": "contenttypes.contenttype", "pk": 3, "fields": {"app_label": "auth", "model": "group"}}, {"model": "contenttypes.contenttype", "pk": 4, "fields": {"app_label": "auth", "model": "user"}}, {"model": "contenttypes.contenttype", "pk": 5, "fields": {"app_label": "contenttypes", "model": "contenttype"}}, {"model": "contenttypes.contenttype", "pk": 6, "fields": {"app_label": "sessions", "model": "session"}}, {"model": "contenttypes.contenttype", "pk": 7, "fields": {"app_label": "authtoken", "model": "token"}}, {"model": "contenttypes.contenttype", "pk": 8, "fields": {"app_label": "authtoken", "model": "tokenproxy"}}, {"model": "contenttypes.contenttype", "pk": 9, "fields": {"app_label": "weighttrackingapi", "model": "employee"}}, {"model": "contenttypes.contenttype", "pk": 10, "fields": {"app_label": "weighttrackingapi", "model": "resident"}}, {"model": "contenttypes.contenttype", "pk": 11, "fields": {"app_label": "weighttrackingapi", "model": "weightsheet"}}, {"model": "contenttypes.contenttype", "pk": 12, "fields": {"app_label": "weighttrackingapi", "model": "weight"}}, {"model": "contenttypes.contenttype", "pk": 13, "fields": {"app_label": "weighttrackingapi", "model": "message"}}, {"model": "contenttypes.contenttype", "pk": 14, "fields": {"app_label": "weighttrackingapi", "model": "employeemessage"}}, {"model": "sessions.session", "pk": "9jq3pqq754xhm1ho1qmcfz8fvnvpgpty", "fields": {"session_data": ".eJxVjMEOwiAQRP-FsyG7lJTi0bvfQBZ2kaqhSWlPjf9um_Sgx5n3ZjYVaF1KWJvMYWR1VU5dfrtI6SX1APyk-ph0muoyj1Efij5p0_eJ5X073b-DQq3saxsRwUoCYCEczICmF7A2-pSdgDCwFTKdR3Jd9j77TADo-rQHcag-X9_sN88:1pio3J:fFnlQmOk5txDk37n0Zr0NyeuvyrzZOG3he1zMiErRPU", "expire_date": "2023-04-16T03:06:45.015Z"}}, {"model": "sessions.session", "pk": "mpjymay0gmec1qzy66v1hieblnwz6asw", "fields": {"session_data": ".eJxVjMEOwiAQRP-FsyG7lJTi0bvfQBZ2kaqhSWlPjf9um_Sgx5n3ZjYVaF1KWJvMYWR1VU5dfrtI6SX1APyk-ph0muoyj1Efij5p0_eJ5X073b-DQq3saxsRwUoCYCEczICmF7A2-pSdgDCwFTKdR3Jd9j77TADo-rQHcag-X9_sN88:1pf1FH:UZ_M82A40gqkVlVnArCo-mW8xjlRbAIaqDlW1RtzTKE", "expire_date": "2023-04-05T16:23:27.873Z"}}, {"model": "sessions.session", "pk": "pff9r8wzv9w4v4xh5ln6uzz3ja9j0l8n", "fields": {"session_data": ".eJxVjMEOwiAQRP-FsyG7lJTi0bvfQBZ2kaqhSWlPjf9um_Sgx5n3ZjYVaF1KWJvMYWR1VU5dfrtI6SX1APyk-ph0muoyj1Efij5p0_eJ5X073b-DQq3saxsRwUoCYCEczICmF7A2-pSdgDCwFTKdR3Jd9j77TADo-rQHcag-X9_sN88:1pox8Y:fnYSH3gZLNJzX-RLzmeH_zCQ8YXuOk5E5YmyVrydwXI", "expire_date": "2023-05-03T02:01:34.061Z"}}, {"model": "sessions.session", "pk": "v3p998usoi38pkd9u8nkhm4g05lb2up5", "fields": {"session_data": ".eJxVjMEOwiAQRP-FsyG7lJTi0bvfQBZ2kaqhSWlPjf9um_Sgx5n3ZjYVaF1KWJvMYWR1VU5dfrtI6SX1APyk-ph0muoyj1Efij5p0_eJ5X073b-DQq3saxsRwUoCYCEczICmF7A2-pSdgDCwFTKdR3Jd9j77TADo-rQHcag-X9_sN88:1q2v1U:RPaCvsTXNM4DVSRXkiBqB3IISKYjDtBomMwJ8mSo3Vk", "expire_date": "2023-06-10T14:36:00.832Z"}}, {"model": "authtoken.token", "pk": "24d1e12e9af01df41105909794bffb06b2ebb628", "fields": {"user": 2, "created": "2023-03-10T19:14:07.828Z"}}, {"model": "authtoken.token", "pk": "2a3362334be97150a6da61026ad2f7473343e76d", "fields": {"user": 3, "created": "2023-03-10T19:12:56.868Z"}}, {"model": "authtoken.token", "pk": "7fc166f2ab35279b7c53db72f76dcbe30ad8a24e", "fields": {"user": 41, "created": "2023-04-19T02:03:43.667Z"}}, {"model": "authtoken.token", "pk": "86ebea9dcd178b28b925e9b6f666bb3a593487bf", "fields": {"user": 44, "created": "2023-04-19T22:07:04.825Z"}}, {"model": "authtoken.token", "pk": "c38b5d49d9b684964eaaaf98be755743c792c106", "fields": {"user": 1, "created": "2023-03-10T19:14:13.380Z"}}, {"model": "authtoken.token", "pk": "fdfb89917341cf2c455c7a725d18cfacdc3ac339", "fields": {"user": 4, "created": "2023-03-10T19:14:18.614Z"}}, {"model": "weighttrackingapi.employee", "pk": 1, "fields": {"user": 1, "role": "RD"}}, {"model": "weighttrackingapi.employee", "pk": 2, "fields": {"user": 2, "role": "RN"}}, {"model": "weighttrackingapi.employee", "pk": 3, "fields": {"user": 3, "role": "CNA"}}, {"model": "weighttrackingapi.employee", "pk": 4, "fields": {"user": 4, "role": "MD"}}, {"model": "weighttrackingapi.employee", "pk": 6, "fields": {"user": 6, "role": "LPN"}}, {"model": "weighttrackingapi.employee", "pk": 40, "fields": {"user": 41, "role": "NP"}}, {"model": "weighttrackingapi.employee", "pk": 43, "fields": {"user": 44, "role": "CNA"}}, {"model": "weighttrackingapi.weight", "pk": 1, "fields": {"resident": 1, "date": "2023-02-28", "weight": "165.3"}}, {"model": "weighttrackingapi.weight", "pk": 2, "fields": {"resident": 1, "date": "2023-02-21", "weight": "170.6"}}, {"model": "weighttrackingapi.weight", "pk": 3, "fields": {"resident": 1, "date": "2023-01-31", "weight": "175.3"}}, {"model": "weighttrackingapi.weight", "pk": 4, "fields": {"resident": 1, "date": "2022-12-06", "weight": "176.0"}}, {"model": "weighttrackingapi.weight", "pk": 5, "fields": {"resident": 1, "date": "2022-09-13", "weight": "180.7"}}, {"model": "weighttrackingapi.weight", "pk": 6, "fields": {"resident": 2, "date": "2023-02-28", "weight": "207.6"}}, {"model": "weighttrackingapi.weight", "pk": 7, "fields": {"resident": 2, "date": "2023-02-21", "weight": "206.2"}}, {"model": "weighttrackingapi.weight", "pk": 8, "fields": {"resident": 2, "date": "2023-01-31", "weight": "206.8"}}, {"model": "weighttrackingapi.weight", "pk": 9, "fields": {"resident": 2, "date": "2022-12-06", "weight": "207.4"}}, {"model": "weighttrackingapi.weight", "pk": 10, "fields": {"resident": 2, "date": "2022-09-13", "weight": "209.3"}}, {"model": "weighttrackingapi.weight", "pk": 11, "fields": {"resident": 3, "date": "2023-02-28", "weight": "142.8"}}, {"model": "weighttrackingapi.weight", "pk": 12, "fields": {"resident": 3, "date": "2023-02-21", "weight": "145.3"}}, {"model": "weighttrackingapi.weight", "pk": 13, "fields": {"resident": 3, "date": "2023-01-31", "weight": "143.4"}}, {"model": "weighttrackingapi.weight", "pk": 14, "fields": {"resident": 3, "date": "2022-12-06", "weight": "148.7"}}, {"model": "weighttrackingapi.weight", "pk": 15, "fields": {"resident": 3, "date": "2022-09-13", "weight": "151.0"}}, {"model": "weighttrackingapi.weight", "pk": 16, "fields": {"resident": 4, "date": "2023-02-28", "weight": null}}, {"model": "weighttrackingapi.weight", "pk": 17, "fields": {"resident": 4, "date": "2023-02-21", "weight": "138.7"}}, {"model": "weighttrackingapi.weight", "pk": 18, "fields": {"resident": 4, "date": "2023-01-31", "weight": "136.5"}}, {"model": "weighttrackingapi.weight", "pk": 19, "fields": {"resident": 4, "date": "2022-12-06", "weight": "141.6"}}, {"model": "weighttrackingapi.weight", "pk": 20, "fields": {"resident": 4, "date": "2022-09-13", "weight": null}}, {"model": "weighttrackingapi.weight", "pk": 21, "fields": {"resident": 5, "date": "2023-02-28", "weight": "186.8"}}, {"model": "weighttrackingapi.weight", "pk": 22, "fields": {"resident": 5, "date": "2023-02-21", "weight": "185.4"}}, {"model": "weighttrackingapi.weight", "pk": 23, "fields": {"resident": 5, "date": "2023-01-31", "weight": "184.6"}}, {"model": "weighttrackingapi.weight", "pk": 24, "fields": {"resident": 5, "date": "2022-12-06", "weight": "183.7"}}, {"model": "weighttrackingapi.weight", "pk": 25, "fields": {"resident": 5, "date": "2022-09-13", "weight": "182.3"}}, {"model": "weighttrackingapi.weight", "pk": 26, "fields": {"resident": 6, "date": "2023-02-28", "weight": "190.7"}}, {"model": "weighttrackingapi.weight", "pk": 27, "fields": {"resident": 6, "date": "2023-02-21", "weight": "187.5"}}, {"model": "weighttrackingapi.weight", "pk": 28, "fields": {"resident": 6, "date": "2023-01-31", "weight": "190.2"}}, {"model": "weighttrackingapi.weight", "pk": 29, "fields": {"resident": 6, "date": "2022-12-06", "weight": "192.7"}}, {"model": "weighttrackingapi.weight", "pk": 30, "fields": {"resident": 6, "date": "2022-09-13", "weight": "190.6"}}, {"model": "weighttrackingapi.weight", "pk": 31, "fields": {"resident": 7, "date": "2023-02-28", "weight": "130.6"}}, {"model": "weighttrackingapi.weight", "pk": 32, "fields": {"resident": 7, "date": "2023-02-21", "weight": "128.5"}}, {"model": "weighttrackingapi.weight", "pk": 33, "fields": {"resident": 7, "date": "2023-01-31", "weight": "130.0"}}, {"model": "weighttrackingapi.weight", "pk": 34, "fields": {"resident": 7, "date": "2022-12-06", "weight": "132.6"}}, {"model": "weighttrackingapi.weight", "pk": 35, "fields": {"resident": 7, "date": "2022-09-13", "weight": "130.4"}}, {"model": "weighttrackingapi.weight", "pk": 36, "fields": {"resident": 8, "date": "2023-02-28", "weight": "175.2"}}, {"model": "weighttrackingapi.weight", "pk": 37, "fields": {"resident": 8, "date": "2023-02-21", "weight": "180.6"}}, {"model": "weighttrackingapi.weight", "pk": 38, "fields": {"resident": 8, "date": "2023-01-31", "weight": "182.3"}}, {"model": "weighttrackingapi.weight", "pk": 39, "fields": {"resident": 8, "date": "2022-12-06", "weight": "183.9"}}, {"model": "weighttrackingapi.weight", "pk": 40, "fields": {"resident": 8, "date": "2022-09-13", "weight": "186.2"}}, {"model": "weighttrackingapi.weight", "pk": 41, "fields": {"resident": 9, "date": "2023-02-28", "weight": "195.8"}}, {"model": "weighttrackingapi.weight", "pk": 42, "fields": {"resident": 9, "date": "2023-02-21", "weight": "198.6"}}, {"model": "weighttrackingapi.weight", "pk": 43, "fields": {"resident": 9, "date": "2023-01-31", "weight": "200.3"}}, {"model": "weighttrackingapi.weight", "pk": 44, "fields": {"resident": 9, "date": "2022-12-06", "weight": "204.6"}}, {"model": "weighttrackingapi.weight", "pk": 45, "fields": {"resident": 9, "date": "2022-09-13", "weight": "216.8"}}, {"model": "weighttrackingapi.weight", "pk": 46, "fields": {"resident": 10, "date": "2023-02-28", "weight": "300.1"}}, {"model": "weighttrackingapi.weight", "pk": 47, "fields": {"resident": 10, "date": "2023-02-21", "weight": "306.5"}}, {"model": "weighttrackingapi.weight", "pk": 48, "fields": {"resident": 10, "date": "2023-01-31", "weight": "315.8"}}, {"model": "weighttrackingapi.weight", "pk": 49, "fields": {"resident": 10, "date": "2022-12-06", "weight": "322.6"}}, {"model": "weighttrackingapi.weight", "pk": 50, "fields": {"resident": 10, "date": "2022-09-13", "weight": "328.9"}}, {"model": "weighttrackingapi.weight", "pk": 422, "fields": {"resident": 1, "date": "2023-03-07", "weight": "172.3"}}, {"model": "weighttrackingapi.weight", "pk": 423, "fields": {"resident": 2, "date": "2023-03-07", "weight": "201.6"}}, {"model": "weighttrackingapi.weight", "pk": 424, "fields": {"resident": 3, "date": "2023-03-07", "weight": "143.2"}}, {"model": "weighttrackingapi.weight", "pk": 425, "fields": {"resident": 4, "date": "2023-03-07", "weight": "131.2"}}, {"model": "weighttrackingapi.weight", "pk": 426, "fields": {"resident": 5, "date": "2023-03-07", "weight": "183.0"}}, {"model": "weighttrackingapi.weight", "pk": 427, "fields": {"resident": 6, "date": "2023-03-07", "weight": "186.1"}}, {"model": "weighttrackingapi.weight", "pk": 428, "fields": {"resident": 7, "date": "2023-03-07", "weight": "128.9"}}, {"model": "weighttrackingapi.weight", "pk": 429, "fields": {"resident": 8, "date": "2023-03-07", "weight": "182.7"}}, {"model": "weighttrackingapi.weight", "pk": 430, "fields": {"resident": 9, "date": "2023-03-07", "weight": "198.4"}}, {"model": "weighttrackingapi.weight", "pk": 431, "fields": {"resident": 10, "date": "2023-03-07", "weight": "296.3"}}, {"model": "weighttrackingapi.weight", "pk": 552, "fields": {"resident": 1, "date": "2023-03-14", "weight": "175.6"}}, {"model": "weighttrackingapi.weight", "pk": 553, "fields": {"resident": 2, "date": "2023-03-14", "weight": "203.1"}}, {"model": "weighttrackingapi.weight", "pk": 554, "fields": {"resident": 3, "date": "2023-03-14", "weight": "140.9"}}, {"model": "weighttrackingapi.weight", "pk": 555, "fields": {"resident": 4, "date": "2023-03-14", "weight": "129.8"}}, {"model": "weighttrackingapi.weight", "pk": 556, "fields": {"resident": 5, "date": "2023-03-14", "weight": "186.2"}}, {"model": "weighttrackingapi.weight", "pk": 557, "fields": {"resident": 6, "date": "2023-03-14", "weight": "190.4"}}, {"model": "weighttrackingapi.weight", "pk": 558, "fields": {"resident": 7, "date": "2023-03-14", "weight": "130.0"}}, {"model": "weighttrackingapi.weight", "pk": 559, "fields": {"resident": 8, "date": "2023-03-14", "weight": "180.1"}}, {"model": "weighttrackingapi.weight", "pk": 560, "fields": {"resident": 9, "date": "2023-03-14", "weight": "199.2"}}, {"model": "weighttrackingapi.weight", "pk": 561, "fields": {"resident": 10, "date": "2023-03-14", "weight": "302.1"}}, {"model": "weighttrackingapi.weight", "pk": 562, "fields": {"resident": 1, "date": "2023-03-21", "weight": "171.3"}}, {"model": "weighttrackingapi.weight", "pk": 563, "fields": {"resident": 2, "date": "2023-03-21", "weight": "201.6"}}, {"model": "weighttrackingapi.weight", "pk": 564, "fields": {"resident": 3, "date": "2023-03-21", "weight": "145.0"}}, {"model": "weighttrackingapi.weight", "pk": 565, "fields": {"resident": 4, "date": "2023-03-21", "weight": "0.0"}}, {"model": "weighttrackingapi.weight", "pk": 566, "fields": {"resident": 5, "date": "2023-03-21", "weight": "184.7"}}, {"model": "weighttrackingapi.weight", "pk": 567, "fields": {"resident": 6, "date": "2023-03-21", "weight": "191.4"}}, {"model": "weighttrackingapi.weight", "pk": 568, "fields": {"resident": 7, "date": "2023-03-21", "weight": "129.6"}}, {"model": "weighttrackingapi.weight", "pk": 569, "fields": {"resident": 8, "date": "2023-03-21", "weight": "182.4"}}, {"model": "weighttrackingapi.weight", "pk": 570, "fields": {"resident": 9, "date": "2023-03-21", "weight": "202.1"}}, {"model": "weighttrackingapi.weight", "pk": 571, "fields": {"resident": 10, "date": "2023-03-21", "weight": "305.1"}}, {"model": "weighttrackingapi.weight", "pk": 572, "fields": {"resident": 1, "date": "2023-03-28", "weight": "174.6"}}, {"model": "weighttrackingapi.weight", "pk": 573, "fields": {"resident": 2, "date": "2023-03-28", "weight": "203.8"}}, {"model": "weighttrackingapi.weight", "pk": 574, "fields": {"resident": 3, "date": "2023-03-28", "weight": "146.2"}}, {"model": "weighttrackingapi.weight", "pk": 575, "fields": {"resident": 4, "date": "2023-03-28", "weight": "132.5"}}, {"model": "weighttrackingapi.weight", "pk": 576, "fields": {"resident": 5, "date": "2023-03-28", "weight": "185.1"}}, {"model": "weighttrackingapi.weight", "pk": 577, "fields": {"resident": 6, "date": "2023-03-28", "weight": "189.5"}}, {"model": "weighttrackingapi.weight", "pk": 578, "fields": {"resident": 7, "date": "2023-03-28", "weight": "130.1"}}, {"model": "weighttrackingapi.weight", "pk": 579, "fields": {"resident": 8, "date": "2023-03-28", "weight": "183.6"}}, {"model": "weighttrackingapi.weight", "pk": 580, "fields": {"resident": 9, "date": "2023-03-28", "weight": "203.4"}}, {"model": "weighttrackingapi.weight", "pk": 581, "fields": {"resident": 10, "date": "2023-03-28", "weight": "308.7"}}, {"model": "weighttrackingapi.weight", "pk": 582, "fields": {"resident": 1, "date": "2023-04-04", "weight": "176.4"}}, {"model": "weighttrackingapi.weight", "pk": 583, "fields": {"resident": 2, "date": "2023-04-04", "weight": "200.9"}}, {"model": "weighttrackingapi.weight", "pk": 584, "fields": {"resident": 3, "date": "2023-04-04", "weight": "147.8"}}, {"model": "weighttrackingapi.weight", "pk": 585, "fields": {"resident": 4, "date": "2023-04-04", "weight": "130.2"}}, {"model": "weighttrackingapi.weight", "pk": 586, "fields": {"resident": 5, "date": "2023-04-04", "weight": "181.6"}}, {"model": "weighttrackingapi.weight", "pk": 587, "fields": {"resident": 6, "date": "2023-04-04", "weight": "190.5"}}, {"model": "weighttrackingapi.weight", "pk": 588, "fields": {"resident": 7, "date": "2023-04-04", "weight": "130.2"}}, {"model": "weighttrackingapi.weight", "pk": 589, "fields": {"resident": 8, "date": "2023-04-04", "weight": "184.5"}}, {"model": "weighttrackingapi.weight", "pk": 590, "fields": {"resident": 9, "date": "2023-04-04", "weight": "201.7"}}, {"model": "weighttrackingapi.weight", "pk": 591, "fields": {"resident": 10, "date": "2023-04-04", "weight": "304.7"}}, {"model": "weighttrackingapi.weight", "pk": 592, "fields": {"resident": 1, "date": "2023-04-11", "weight": "174.9"}}, {"model": "weighttrackingapi.weight", "pk": 593, "fields": {"resident": 2, "date": "2023-04-11", "weight": "200.7"}}, {"model": "weighttrackingapi.weight", "pk": 594, "fields": {"resident": 3, "date": "2023-04-11", "weight": "145.7"}}, {"model": "weighttrackingapi.weight", "pk": 595, "fields": {"resident": 4, "date": "2023-04-11", "weight": "129.6"}}, {"model": "weighttrackingapi.weight", "pk": 596, "fields": {"resident": 5, "date": "2023-04-11", "weight": "182.4"}}, {"model": "weighttrackingapi.weight", "pk": 597, "fields": {"resident": 6, "date": "2023-04-11", "weight": "187.6"}}, {"model": "weighttrackingapi.weight", "pk": 598, "fields": {"resident": 7, "date": "2023-04-11", "weight": "131.0"}}, {"model": "weighttrackingapi.weight", "pk": 599, "fields": {"resident": 8, "date": "2023-04-11", "weight": "182.1"}}, {"model": "weighttrackingapi.weight", "pk": 600, "fields": {"resident": 9, "date": "2023-04-11", "weight": "203.6"}}, {"model": "weighttrackingapi.weight", "pk": 601, "fields": {"resident": 10, "date": "2023-04-11", "weight": "302.6"}}, {"model": "weighttrackingapi.weight", "pk": 652, "fields": {"resident": 1, "date": "2023-04-19", "weight": "173.2"}}, {"model": "weighttrackingapi.weight", "pk": 653, "fields": {"resident": 2, "date": "2023-04-19", "weight": "201.3"}}, {"model": "weighttrackingapi.weight", "pk": 654, "fields": {"resident": 3, "date": "2023-04-19", "weight": "142.6"}}, {"model": "weighttrackingapi.weight", "pk": 655, "fields": {"resident": 4, "date": "2023-04-19", "weight": "0.0"}}, {"model": "weighttrackingapi.weight", "pk": 656, "fields": {"resident": 5, "date": "2023-04-19", "weight": "181.3"}}, {"model": "weighttrackingapi.weight", "pk": 657, "fields": {"resident": 6, "date": "2023-04-19", "weight": "185.2"}}, {"model": "weighttrackingapi.weight", "pk": 658, "fields": {"resident": 7, "date": "2023-04-19", "weight": "130.6"}}, {"model": "weighttrackingapi.weight", "pk": 659, "fields": {"resident": 8, "date": "2023-04-19", "weight": "180.1"}}, {"model": "weighttrackingapi.weight", "pk": 660, "fields": {"resident": 9, "date": "2023-04-19", "weight": "201.3"}}, {"model": "weighttrackingapi.weight", "pk": 661, "fields": {"resident": 10, "date": "2023-04-19", "weight": "304.9"}}, {"model": "weighttrackingapi.weight", "pk": 662, "fields": {"resident": 1, "date": "2023-05-25", "weight": "174.1"}}, {"model": "weighttrackingapi.weight", "pk": 663, "fields": {"resident": 2, "date": "2023-05-25", "weight": "205.5"}}, {"model": "weighttrackingapi.weight", "pk": 664, "fields": {"resident": 3, "date": "2023-05-25", "weight": "142.2"}}, {"model": "weighttrackingapi.weight", "pk": 665, "fields": {"resident": 4, "date": "2023-05-25", "weight": "0.0"}}, {"model": "weighttrackingapi.weight", "pk": 666, "fields": {"resident": 5, "date": "2023-05-25", "weight": "182.3"}}, {"model": "weighttrackingapi.weight", "pk": 667, "fields": {"resident": 6, "date": "2023-05-25", "weight": "187.0"}}, {"model": "weighttrackingapi.weight", "pk": 668, "fields": {"resident": 7, "date": "2023-05-25", "weight": "125.1"}}, {"model": "weighttrackingapi.weight", "pk": 669, "fields": {"resident": 8, "date": "2023-05-25", "weight": "182.2"}}, {"model": "weighttrackingapi.weight", "pk": 670, "fields": {"resident": 9, "date": "2023-05-25", "weight": "205.1"}}, {"model": "weighttrackingapi.weight", "pk": 671, "fields": {"resident": 10, "date": "2023-05-25", "weight": "299.9"}}, {"model": "weighttrackingapi.resident", "pk": 1, "fields": {"first_name": "Michael", "last_name": "Scott", "room_num": 100, "admission_wt": "185.10", "usual_wt": 170, "height": 69, "admission_date": "2022-07-25"}}, {"model": "weighttrackingapi.resident", "pk": 2, "fields": {"first_name": "Dwight", "last_name": "Schrute", "room_num": 101, "admission_wt": "200.90", "usual_wt": 210, "height": 68, "admission_date": "2021-06-15"}}, {"model": "weighttrackingapi.resident", "pk": 3, "fields": {"first_name": "Kelly", "last_name": "Kapoor", "room_num": 102, "admission_wt": "156.40", "usual_wt": 152, "height": 64, "admission_date": "2022-08-01"}}, {"model": "weighttrackingapi.resident", "pk": 4, "fields": {"first_name": "Creed", "last_name": "Bratton", "room_num": 103, "admission_wt": "145.20", "usual_wt": 160, "height": 68, "admission_date": "2022-11-15"}}, {"model": "weighttrackingapi.resident", "pk": 5, "fields": {"first_name": "Phyllis", "last_name": "Lapin-Vance", "room_num": 104, "admission_wt": "185.30", "usual_wt": 215, "height": 65, "admission_date": "2021-07-16"}}, {"model": "weighttrackingapi.resident", "pk": 6, "fields": {"first_name": "Toby", "last_name": "Flenderson", "room_num": 105, "admission_wt": "190.30", "usual_wt": 200, "height": 73, "admission_date": "2021-04-15"}}, {"model": "weighttrackingapi.resident", "pk": 7, "fields": {"first_name": "Pam", "last_name": "Beesly", "room_num": 106, "admission_wt": "128.80", "usual_wt": 126, "height": 67, "admission_date": "2022-06-15"}}, {"model": "weighttrackingapi.resident", "pk": 8, "fields": {"first_name": "Andy", "last_name": "Bernard", "room_num": 107, "admission_wt": "185.90", "usual_wt": 190, "height": 74, "admission_date": "2022-03-22"}}, {"model": "weighttrackingapi.resident", "pk": 9, "fields": {"first_name": "Kevin", "last_name": "Malone", "room_num": 108, "admission_wt": "220.30", "usual_wt": 230, "height": 72, "admission_date": "2022-08-15"}}, {"model": "weighttrackingapi.resident", "pk": 10, "fields": {"first_name": "Deangelo", "last_name": "Vickers", "room_num": 109, "admission_wt": "321.70", "usual_wt": 290, "height": 73, "admission_date": "2022-08-06"}}, {"model": "weighttrackingapi.weightsheet", "pk": 1, "fields": {"employee": 1, "date": "2023-02-28", "resident": 1, "reweighed": true, "refused": false, "not_in_room": false, "daily_wts": false, "show_alert": true, "scale_type": "floor", "final": true}}, {"model": "weighttrackingapi.weightsheet", "pk": 2, "fields": {"employee": 1, "date": "2023-02-28", "resident": 2, "reweighed": false, "refused": false, "not_in_room": false, "daily_wts": true, "show_alert": false, "scale_type": "chair", "final": true}}, {"model": "weighttrackingapi.weightsheet", "pk": 3, "fields": {"employee": 1, "date": "2023-02-28", "resident": 3, "reweighed": true, "refused": false, "not_in_room": false, "daily_wts": false, "show_alert": true, "scale_type": "floor", "final": true}}, {"model": "weighttrackingapi.weightsheet", "pk": 4, "fields": {"employee": 1, "date": "2023-02-28", "resident": 4, "reweighed": false, "refused": true, "not_in_room": false, "daily_wts": false, "show_alert": true, "scale_type": null, "final": true}}, {"model": "weighttrackingapi.weightsheet", "pk": 5, "fields": {"employee": 1, "date": "2023-02-28", "resident": 5, "reweighed": false, "refused": false, "not_in_room": false, "daily_wts": false, "show_alert": true, "scale_type": null, "final": true}}, {"model": "weighttrackingapi.weightsheet", "pk": 6, "fields": {"employee": 1, "date": "2023-02-28", "resident": 6, "reweighed": false, "refused": false, "not_in_room": false, "daily_wts": false, "show_alert": true, "scale_type": "chair", "final": true}}, {"model": "weighttrackingapi.weightsheet", "pk": 7, "fields": {"employee": 1, "date": "2023-02-28", "resident": 7, "reweighed": false, "refused": false, "not_in_room": false, "daily_wts": false, "show_alert": false, "scale_type": "bed", "final": true}}, {"model": "weighttrackingapi.weightsheet", "pk": 8, "fields": {"employee": 1, "date": "2023-02-28", "resident": 8, "reweighed": true, "refused": false, "not_in_room": false, "daily_wts": false, "show_alert": true, "scale_type": "chair", "final": true}}, {"model": "weighttrackingapi.weightsheet", "pk": 9, "fields": {"employee": 1, "date": "2023-02-28", "resident": 9, "reweighed": false, "refused": false, "not_in_room": false, "daily_wts": true, "show_alert": false, "scale_type": "bed", "final": true}}, {"model": "weighttrackingapi.weightsheet", "pk": 331, "fields": {"employee": 1, "date": "2023-02-28", "resident": 10, "reweighed": false, "refused": false, "not_in_room": false, "daily_wts": false, "show_alert": true, "scale_type": "", "final": true}}, {"model": "weighttrackingapi.weightsheet", "pk": 382, "fields": {"employee": 3, "date": "2023-03-07", "resident": 1, "reweighed": false, "refused": false, "not_in_room": false, "daily_wts": true, "show_alert": true, "scale_type": "wheelchair", "final": true}}, {"model": "weighttrackingapi.weightsheet", "pk": 383, "fields": {"employee": 3, "date": "2023-03-07", "resident": 2, "reweighed": false, "refused": false, "not_in_room": false, "daily_wts": false, "show_alert": true, "scale_type": "bed", "final": true}}, {"model": "weighttrackingapi.weightsheet", "pk": 384, "fields": {"employee": 3, "date": "2023-03-07", "resident": 3, "reweighed": true, "refused": false, "not_in_room": false, "daily_wts": false, "show_alert": true, "scale_type": "chair", "final": true}}, {"model": "weighttrackingapi.weightsheet", "pk": 385, "fields": {"employee": 3, "date": "2023-03-07", "resident": 4, "reweighed": false, "refused": false, "not_in_room": false, "daily_wts": false, "show_alert": true, "scale_type": "floor", "final": true}}, {"model": "weighttrackingapi.weightsheet", "pk": 386, "fields": {"employee": 3, "date": "2023-03-07", "resident": 5, "reweighed": false, "refused": false, "not_in_room": false, "daily_wts": true, "show_alert": true, "scale_type": "wheelchair", "final": true}}, {"model": "weighttrackingapi.weightsheet", "pk": 387, "fields": {"employee": 3, "date": "2023-03-07", "resident": 6, "reweighed": false, "refused": false, "not_in_room": false, "daily_wts": false, "show_alert": true, "scale_type": "floor", "final": true}}, {"model": "weighttrackingapi.weightsheet", "pk": 388, "fields": {"employee": 3, "date": "2023-03-07", "resident": 7, "reweighed": false, "refused": false, "not_in_room": false, "daily_wts": false, "show_alert": true, "scale_type": "floor", "final": true}}, {"model": "weighttrackingapi.weightsheet", "pk": 389, "fields": {"employee": 3, "date": "2023-03-07", "resident": 8, "reweighed": false, "refused": false, "not_in_room": false, "daily_wts": false, "show_alert": true, "scale_type": "floor", "final": true}}, {"model": "weighttrackingapi.weightsheet", "pk": 390, "fields": {"employee": 3, "date": "2023-03-07", "resident": 9, "reweighed": false, "refused": false, "not_in_room": false, "daily_wts": false, "show_alert": true, "scale_type": "chair", "final": true}}, {"model": "weighttrackingapi.weightsheet", "pk": 391, "fields": {"employee": 3, "date": "2023-03-07", "resident": 10, "reweighed": true, "refused": false, "not_in_room": false, "daily_wts": false, "show_alert": true, "scale_type": "bed", "final": true}}, {"model": "weighttrackingapi.weightsheet", "pk": 512, "fields": {"employee": 1, "date": "2023-03-14", "resident": 1, "reweighed": false, "refused": false, "not_in_room": false, "daily_wts": false, "show_alert": true, "scale_type": "wheelchair", "final": true}}, {"model": "weighttrackingapi.weightsheet", "pk": 513, "fields": {"employee": 1, "date": "2023-03-14", "resident": 2, "reweighed": false, "refused": false, "not_in_room": false, "daily_wts": false, "show_alert": true, "scale_type": "chair", "final": true}}, {"model": "weighttrackingapi.weightsheet", "pk": 514, "fields": {"employee": 1, "date": "2023-03-14", "resident": 3, "reweighed": false, "refused": false, "not_in_room": false, "daily_wts": true, "show_alert": true, "scale_type": "wheelchair", "final": true}}, {"model": "weighttrackingapi.weightsheet", "pk": 515, "fields": {"employee": 1, "date": "2023-03-14", "resident": 4, "reweighed": false, "refused": false, "not_in_room": false, "daily_wts": false, "show_alert": true, "scale_type": "chair", "final": true}}, {"model": "weighttrackingapi.weightsheet", "pk": 516, "fields": {"employee": 1, "date": "2023-03-14", "resident": 5, "reweighed": false, "refused": false, "not_in_room": false, "daily_wts": false, "show_alert": true, "scale_type": "floor", "final": true}}, {"model": "weighttrackingapi.weightsheet", "pk": 517, "fields": {"employee": 1, "date": "2023-03-14", "resident": 6, "reweighed": false, "refused": false, "not_in_room": false, "daily_wts": true, "show_alert": true, "scale_type": "chair", "final": true}}, {"model": "weighttrackingapi.weightsheet", "pk": 518, "fields": {"employee": 1, "date": "2023-03-14", "resident": 7, "reweighed": false, "refused": false, "not_in_room": false, "daily_wts": false, "show_alert": true, "scale_type": "floor", "final": true}}, {"model": "weighttrackingapi.weightsheet", "pk": 519, "fields": {"employee": 1, "date": "2023-03-14", "resident": 8, "reweighed": false, "refused": false, "not_in_room": false, "daily_wts": false, "show_alert": true, "scale_type": "chair", "final": true}}, {"model": "weighttrackingapi.weightsheet", "pk": 520, "fields": {"employee": 1, "date": "2023-03-14", "resident": 9, "reweighed": false, "refused": false, "not_in_room": false, "daily_wts": false, "show_alert": true, "scale_type": "chair", "final": true}}, {"model": "weighttrackingapi.weightsheet", "pk": 521, "fields": {"employee": 1, "date": "2023-03-14", "resident": 10, "reweighed": true, "refused": false, "not_in_room": false, "daily_wts": true, "show_alert": true, "scale_type": "chair", "final": true}}, {"model": "weighttrackingapi.weightsheet", "pk": 522, "fields": {"employee": 3, "date": "2023-03-21", "resident": 1, "reweighed": false, "refused": false, "not_in_room": false, "daily_wts": false, "show_alert": true, "scale_type": "floor", "final": true}}, {"model": "weighttrackingapi.weightsheet", "pk": 523, "fields": {"employee": 3, "date": "2023-03-21", "resident": 2, "reweighed": false, "refused": false, "not_in_room": false, "daily_wts": false, "show_alert": true, "scale_type": "floor", "final": true}}, {"model": "weighttrackingapi.weightsheet", "pk": 524, "fields": {"employee": 3, "date": "2023-03-21", "resident": 3, "reweighed": false, "refused": false, "not_in_room": false, "daily_wts": false, "show_alert": true, "scale_type": "wheelchair", "final": true}}, {"model": "weighttrackingapi.weightsheet", "pk": 525, "fields": {"employee": 3, "date": "2023-03-21", "resident": 4, "reweighed": false, "refused": true, "not_in_room": false, "daily_wts": false, "show_alert": true, "scale_type": "", "final": true}}, {"model": "weighttrackingapi.weightsheet", "pk": 526, "fields": {"employee": 3, "date": "2023-03-21", "resident": 5, "reweighed": false, "refused": false, "not_in_room": false, "daily_wts": true, "show_alert": true, "scale_type": "chair", "final": true}}, {"model": "weighttrackingapi.weightsheet", "pk": 527, "fields": {"employee": 3, "date": "2023-03-21", "resident": 6, "reweighed": false, "refused": false, "not_in_room": false, "daily_wts": false, "show_alert": true, "scale_type": "floor", "final": true}}, {"model": "weighttrackingapi.weightsheet", "pk": 528, "fields": {"employee": 3, "date": "2023-03-21", "resident": 7, "reweighed": false, "refused": false, "not_in_room": false, "daily_wts": false, "show_alert": true, "scale_type": "wheelchair", "final": true}}, {"model": "weighttrackingapi.weightsheet", "pk": 529, "fields": {"employee": 3, "date": "2023-03-21", "resident": 8, "reweighed": false, "refused": false, "not_in_room": false, "daily_wts": false, "show_alert": true, "scale_type": "floor", "final": true}}, {"model": "weighttrackingapi.weightsheet", "pk": 530, "fields": {"employee": 3, "date": "2023-03-21", "resident": 9, "reweighed": false, "refused": false, "not_in_room": false, "daily_wts": false, "show_alert": true, "scale_type": "chair", "final": true}}, {"model": "weighttrackingapi.weightsheet", "pk": 531, "fields": {"employee": 3, "date": "2023-03-21", "resident": 10, "reweighed": false, "refused": false, "not_in_room": false, "daily_wts": false, "show_alert": true, "scale_type": "bed", "final": true}}, {"model": "weighttrackingapi.weightsheet", "pk": 532, "fields": {"employee": 1, "date": "2023-03-28", "resident": 1, "reweighed": false, "refused": false, "not_in_room": false, "daily_wts": true, "show_alert": true, "scale_type": "floor", "final": true}}, {"model": "weighttrackingapi.weightsheet", "pk": 533, "fields": {"employee": 1, "date": "2023-03-28", "resident": 2, "reweighed": false, "refused": false, "not_in_room": false, "daily_wts": false, "show_alert": true, "scale_type": "floor", "final": true}}, {"model": "weighttrackingapi.weightsheet", "pk": 534, "fields": {"employee": 1, "date": "2023-03-28", "resident": 3, "reweighed": false, "refused": false, "not_in_room": false, "daily_wts": false, "show_alert": true, "scale_type": "wheelchair", "final": true}}, {"model": "weighttrackingapi.weightsheet", "pk": 535, "fields": {"employee": 1, "date": "2023-03-28", "resident": 4, "reweighed": false, "refused": false, "not_in_room": false, "daily_wts": false, "show_alert": true, "scale_type": "bed", "final": true}}, {"model": "weighttrackingapi.weightsheet", "pk": 536, "fields": {"employee": 1, "date": "2023-03-28", "resident": 5, "reweighed": false, "refused": false, "not_in_room": false, "daily_wts": false, "show_alert": true, "scale_type": "floor", "final": true}}, {"model": "weighttrackingapi.weightsheet", "pk": 537, "fields": {"employee": 1, "date": "2023-03-28", "resident": 6, "reweighed": false, "refused": false, "not_in_room": false, "daily_wts": false, "show_alert": true, "scale_type": "chair", "final": true}}, {"model": "weighttrackingapi.weightsheet", "pk": 538, "fields": {"employee": 1, "date": "2023-03-28", "resident": 7, "reweighed": false, "refused": false, "not_in_room": false, "daily_wts": false, "show_alert": true, "scale_type": "wheelchair", "final": true}}, {"model": "weighttrackingapi.weightsheet", "pk": 539, "fields": {"employee": 1, "date": "2023-03-28", "resident": 8, "reweighed": false, "refused": false, "not_in_room": false, "daily_wts": false, "show_alert": true, "scale_type": "chair", "final": true}}, {"model": "weighttrackingapi.weightsheet", "pk": 540, "fields": {"employee": 1, "date": "2023-03-28", "resident": 9, "reweighed": false, "refused": false, "not_in_room": false, "daily_wts": false, "show_alert": true, "scale_type": "wheelchair", "final": true}}, {"model": "weighttrackingapi.weightsheet", "pk": 541, "fields": {"employee": 1, "date": "2023-03-28", "resident": 10, "reweighed": false, "refused": false, "not_in_room": false, "daily_wts": false, "show_alert": true, "scale_type": "bed", "final": true}}, {"model": "weighttrackingapi.weightsheet", "pk": 542, "fields": {"employee": 1, "date": "2023-04-04", "resident": 1, "reweighed": false, "refused": false, "not_in_room": false, "daily_wts": false, "show_alert": true, "scale_type": "floor", "final": true}}, {"model": "weighttrackingapi.weightsheet", "pk": 543, "fields": {"employee": 1, "date": "2023-04-04", "resident": 2, "reweighed": false, "refused": false, "not_in_room": false, "daily_wts": true, "show_alert": true, "scale_type": "floor", "final": true}}, {"model": "weighttrackingapi.weightsheet", "pk": 544, "fields": {"employee": 1, "date": "2023-04-04", "resident": 3, "reweighed": false, "refused": false, "not_in_room": false, "daily_wts": false, "show_alert": true, "scale_type": "wheelchair", "final": true}}, {"model": "weighttrackingapi.weightsheet", "pk": 545, "fields": {"employee": 1, "date": "2023-04-04", "resident": 4, "reweighed": false, "refused": false, "not_in_room": false, "daily_wts": false, "show_alert": true, "scale_type": "wheelchair", "final": true}}, {"model": "weighttrackingapi.weightsheet", "pk": 546, "fields": {"employee": 1, "date": "2023-04-04", "resident": 5, "reweighed": false, "refused": false, "not_in_room": false, "daily_wts": false, "show_alert": true, "scale_type": "floor", "final": true}}, {"model": "weighttrackingapi.weightsheet", "pk": 547, "fields": {"employee": 1, "date": "2023-04-04", "resident": 6, "reweighed": false, "refused": false, "not_in_room": false, "daily_wts": false, "show_alert": true, "scale_type": "chair", "final": true}}, {"model": "weighttrackingapi.weightsheet", "pk": 548, "fields": {"employee": 1, "date": "2023-04-04", "resident": 7, "reweighed": false, "refused": false, "not_in_room": false, "daily_wts": false, "show_alert": true, "scale_type": "chair", "final": true}}, {"model": "weighttrackingapi.weightsheet", "pk": 549, "fields": {"employee": 1, "date": "2023-04-04", "resident": 8, "reweighed": false, "refused": false, "not_in_room": false, "daily_wts": false, "show_alert": true, "scale_type": "floor", "final": true}}, {"model": "weighttrackingapi.weightsheet", "pk": 550, "fields": {"employee": 1, "date": "2023-04-04", "resident": 9, "reweighed": false, "refused": false, "not_in_room": false, "daily_wts": false, "show_alert": true, "scale_type": "floor", "final": true}}, {"model": "weighttrackingapi.weightsheet", "pk": 551, "fields": {"employee": 1, "date": "2023-04-04", "resident": 10, "reweighed": false, "refused": false, "not_in_room": false, "daily_wts": false, "show_alert": true, "scale_type": "bed", "final": true}}, {"model": "weighttrackingapi.weightsheet", "pk": 552, "fields": {"employee": 1, "date": "2023-04-11", "resident": 1, "reweighed": false, "refused": false, "not_in_room": false, "daily_wts": false, "show_alert": true, "scale_type": "floor", "final": true}}, {"model": "weighttrackingapi.weightsheet", "pk": 553, "fields": {"employee": 1, "date": "2023-04-11", "resident": 2, "reweighed": false, "refused": false, "not_in_room": false, "daily_wts": true, "show_alert": true, "scale_type": "floor", "final": true}}, {"model": "weighttrackingapi.weightsheet", "pk": 554, "fields": {"employee": 1, "date": "2023-04-11", "resident": 3, "reweighed": false, "refused": false, "not_in_room": false, "daily_wts": false, "show_alert": true, "scale_type": "wheelchair", "final": true}}, {"model": "weighttrackingapi.weightsheet", "pk": 555, "fields": {"employee": 1, "date": "2023-04-11", "resident": 4, "reweighed": false, "refused": false, "not_in_room": false, "daily_wts": false, "show_alert": true, "scale_type": "wheelchair", "final": true}}, {"model": "weighttrackingapi.weightsheet", "pk": 556, "fields": {"employee": 1, "date": "2023-04-11", "resident": 5, "reweighed": false, "refused": false, "not_in_room": false, "daily_wts": false, "show_alert": true, "scale_type": "chair", "final": true}}, {"model": "weighttrackingapi.weightsheet", "pk": 557, "fields": {"employee": 1, "date": "2023-04-11", "resident": 6, "reweighed": false, "refused": false, "not_in_room": false, "daily_wts": false, "show_alert": true, "scale_type": "floor", "final": true}}, {"model": "weighttrackingapi.weightsheet", "pk": 558, "fields": {"employee": 1, "date": "2023-04-11", "resident": 7, "reweighed": false, "refused": false, "not_in_room": false, "daily_wts": false, "show_alert": true, "scale_type": "wheelchair", "final": true}}, {"model": "weighttrackingapi.weightsheet", "pk": 559, "fields": {"employee": 1, "date": "2023-04-11", "resident": 8, "reweighed": false, "refused": false, "not_in_room": false, "daily_wts": false, "show_alert": true, "scale_type": "floor", "final": true}}, {"model": "weighttrackingapi.weightsheet", "pk": 560, "fields": {"employee": 1, "date": "2023-04-11", "resident": 9, "reweighed": false, "refused": false, "not_in_room": false, "daily_wts": false, "show_alert": true, "scale_type": "chair", "final": true}}, {"model": "weighttrackingapi.weightsheet", "pk": 561, "fields": {"employee": 1, "date": "2023-04-11", "resident": 10, "reweighed": false, "refused": false, "not_in_room": false, "daily_wts": false, "show_alert": true, "scale_type": "bed", "final": true}}, {"model": "weighttrackingapi.weightsheet", "pk": 612, "fields": {"employee": 1, "date": "2023-04-19", "resident": 1, "reweighed": false, "refused": false, "not_in_room": false, "daily_wts": false, "show_alert": true, "scale_type": "wheelchair", "final": true}}, {"model": "weighttrackingapi.weightsheet", "pk": 613, "fields": {"employee": 1, "date": "2023-04-19", "resident": 2, "reweighed": false, "refused": false, "not_in_room": false, "daily_wts": true, "show_alert": true, "scale_type": "floor", "final": true}}, {"model": "weighttrackingapi.weightsheet", "pk": 614, "fields": {"employee": 1, "date": "2023-04-19", "resident": 3, "reweighed": false, "refused": false, "not_in_room": false, "daily_wts": false, "show_alert": true, "scale_type": "floor", "final": true}}, {"model": "weighttrackingapi.weightsheet", "pk": 615, "fields": {"employee": 1, "date": "2023-04-19", "resident": 4, "reweighed": false, "refused": true, "not_in_room": false, "daily_wts": false, "show_alert": true, "scale_type": "", "final": true}}, {"model": "weighttrackingapi.weightsheet", "pk": 616, "fields": {"employee": 1, "date": "2023-04-19", "resident": 5, "reweighed": false, "refused": false, "not_in_room": false, "daily_wts": false, "show_alert": true, "scale_type": "chair", "final": true}}, {"model": "weighttrackingapi.weightsheet", "pk": 617, "fields": {"employee": 1, "date": "2023-04-19", "resident": 6, "reweighed": false, "refused": false, "not_in_room": false, "daily_wts": false, "show_alert": true, "scale_type": "wheelchair", "final": true}}, {"model": "weighttrackingapi.weightsheet", "pk": 618, "fields": {"employee": 1, "date": "2023-04-19", "resident": 7, "reweighed": false, "refused": false, "not_in_room": false, "daily_wts": false, "show_alert": true, "scale_type": "bed", "final": true}}, {"model": "weighttrackingapi.weightsheet", "pk": 619, "fields": {"employee": 1, "date": "2023-04-19", "resident": 8, "reweighed": false, "refused": false, "not_in_room": false, "daily_wts": false, "show_alert": true, "scale_type": "floor", "final": true}}, {"model": "weighttrackingapi.weightsheet", "pk": 620, "fields": {"employee": 1, "date": "2023-04-19", "resident": 9, "reweighed": false, "refused": false, "not_in_room": false, "daily_wts": false, "show_alert": true, "scale_type": "floor", "final": true}}, {"model": "weighttrackingapi.weightsheet", "pk": 621, "fields": {"employee": 1, "date": "2023-04-19", "resident": 10, "reweighed": false, "refused": false, "not_in_room": false, "daily_wts": false, "show_alert": true, "scale_type": "bed", "final": true}}, {"model": "weighttrackingapi.weightsheet", "pk": 622, "fields": {"employee": 3, "date": "2023-05-25", "resident": 1, "reweighed": false, "refused": false, "not_in_room": false, "daily_wts": true, "show_alert": true, "scale_type": "bed", "final": true}}, {"model": "weighttrackingapi.weightsheet", "pk": 623, "fields": {"employee": 3, "date": "2023-05-25", "resident": 2, "reweighed": false, "refused": false, "not_in_room": false, "daily_wts": true, "show_alert": true, "scale_type": "floor", "final": true}}, {"model": "weighttrackingapi.weightsheet", "pk": 624, "fields": {"employee": 3, "date": "2023-05-25", "resident": 3, "reweighed": true, "refused": false, "not_in_room": false, "daily_wts": false, "show_alert": true, "scale_type": "floor", "final": true}}, {"model": "weighttrackingapi.weightsheet", "pk": 625, "fields": {"employee": 3, "date": "2023-05-25", "resident": 4, "reweighed": false, "refused": true, "not_in_room": false, "daily_wts": false, "show_alert": true, "scale_type": "", "final": true}}, {"model": "weighttrackingapi.weightsheet", "pk": 626, "fields": {"employee": 3, "date": "2023-05-25", "resident": 5, "reweighed": false, "refused": false, "not_in_room": false, "daily_wts": false, "show_alert": true, "scale_type": "wheelchair", "final": true}}, {"model": "weighttrackingapi.weightsheet", "pk": 627, "fields": {"employee": 3, "date": "2023-05-25", "resident": 6, "reweighed": false, "refused": false, "not_in_room": false, "daily_wts": false, "show_alert": true, "scale_type": "chair", "final": true}}, {"model": "weighttrackingapi.weightsheet", "pk": 628, "fields": {"employee": 3, "date": "2023-05-25", "resident": 7, "reweighed": false, "refused": false, "not_in_room": false, "daily_wts": false, "show_alert": true, "scale_type": "floor", "final": true}}, {"model": "weighttrackingapi.weightsheet", "pk": 629, "fields": {"employee": 3, "date": "2023-05-25", "resident": 8, "reweighed": false, "refused": false, "not_in_room": false, "daily_wts": false, "show_alert": true, "scale_type": "wheelchair", "final": true}}, {"model": "weighttrackingapi.weightsheet", "pk": 630, "fields": {"employee": 3, "date": "2023-05-25", "resident": 9, "reweighed": false, "refused": false, "not_in_room": false, "daily_wts": false, "show_alert": true, "scale_type": "floor", "final": true}}, {"model": "weighttrackingapi.weightsheet", "pk": 631, "fields": {"employee": 3, "date": "2023-05-25", "resident": 10, "reweighed": false, "refused": false, "not_in_room": false, "daily_wts": false, "show_alert": true, "scale_type": "bed", "final": true}}, {"model": "weighttrackingapi.message", "pk": 1, "fields": {"subject": "C. Bratton refused wt x 2 weeks", "message_body": "C. Bratton refused wt x 2 weeks. Nurse reports cognitive decline and increased irritability. Resident with h/o poor appetite. Intakes between 50-75%. Weight appears to be declining with 8.7# wt loss noted since admission 11/15. Resident states he is 'lonely, angry and bored and wants to leave'. Nurse and SW notified. Encouraged dining room for meals and resident agreed to add snacks between meals and a milkshake after dinner. Rec. check PAB, B12, and 25(OH)D and psych consult.", "date_created": "2022-03-01T00:00:00Z", "read": true, "deleted": false, "sender": 1}}, {"model": "weighttrackingapi.message", "pk": 2, "fields": {"subject": "Current weights needed", "message_body": "C. Bratton refused wt x 2 weeks. Lapin-Vance was in PT and agreed to be weighed when CNA arrives.", "date_created": "2022-02-28T00:00:00Z", "read": true, "deleted": false, "sender": 1}}, {"model": "weighttrackingapi.message", "pk": 3, "fields": {"subject": "Hello! Mrs Jones's daughter wants to meet us", "message_body": "Please send the updated sheet as soon as you are able. Thanks so much.", "date_created": "2023-03-22T07:46:31.240Z", "read": true, "deleted": false, "sender": 1}}, {"model": "weighttrackingapi.message", "pk": 4, "fields": {"subject": "Hello", "message_body": "Whatsup?", "date_created": "2023-03-22T08:13:55.104Z", "read": false, "deleted": false, "sender": 1}}, {"model": "weighttrackingapi.message", "pk": 5, "fields": {"subject": "Hello", "message_body": "Whatsup?", "date_created": "2023-03-22T08:13:59.718Z", "read": false, "deleted": false, "sender": 1}}, {"model": "weighttrackingapi.message", "pk": 6, "fields": {"subject": "Hello", "message_body": "Whatsup?", "date_created": "2023-03-22T08:14:37.605Z", "read": false, "deleted": false, "sender": 1}}, {"model": "weighttrackingapi.message", "pk": 7, "fields": {"subject": "Hello", "message_body": "Whatsup?", "date_created": "2023-03-22T08:15:33.426Z", "read": false, "deleted": false, "sender": 1}}, {"model": "weighttrackingapi.message", "pk": 8, "fields": {"subject": "Note to self", "message_body": "Feed Mr. Parker!", "date_created": "2023-03-22T08:16:19.704Z", "read": false, "deleted": false, "sender": 1}}, {"model": "weighttrackingapi.message", "pk": 9, "fields": {"subject": "Great Job!", "message_body": "You did a wonderful on the weightsheets! Keep it up!", "date_created": "2023-03-22T08:17:22.957Z", "read": true, "deleted": false, "sender": 1}}, {"model": "weighttrackingapi.message", "pk": 10, "fields": {"subject": "Mr. Bratton refused wt today", "message_body": "This seems to be happening a lot. Just wanted to let you all know.", "date_created": "2023-03-22T08:35:33.259Z", "read": false, "deleted": false, "sender": 3}}, {"model": "weighttrackingapi.message", "pk": 11, "fields": {"subject": "Completed wt sheet for 03/22/23", "message_body": "Wt sheet complete and saved", "date_created": "2023-03-22T16:11:19.535Z", "read": false, "deleted": false, "sender": 3}}, {"model": "weighttrackingapi.message", "pk": 12, "fields": {"subject": "Note to Self", "message_body": "Don't forget to keep comitting!", "date_created": "2023-03-22T16:41:08.682Z", "read": false, "deleted": false, "sender": 4}}, {"model": "weighttrackingapi.message", "pk": 13, "fields": {"subject": "Hello!!", "message_body": "Chocky?", "date_created": "2023-03-22T16:44:01.137Z", "read": false, "deleted": false, "sender": 4}}, {"model": "weighttrackingapi.message", "pk": 15, "fields": {"subject": "Mr. Bratton has refused wt x 2 weeks", "message_body": "sdfsdfs", "date_created": "2023-03-22T18:42:26.342Z", "read": false, "deleted": false, "sender": 1}}, {"model": "weighttrackingapi.message", "pk": 16, "fields": {"subject": "Mr. Bratton's weights", "message_body": "Mr. Bratton seems to be", "date_created": "2023-03-22T18:44:28.417Z", "read": false, "deleted": false, "sender": 2}}, {"model": "weighttrackingapi.message", "pk": 17, "fields": {"subject": "Mr. Bratton's weights", "message_body": "Mr. Bratton seems to be", "date_created": "2023-03-22T18:44:35.127Z", "read": false, "deleted": false, "sender": 2}}, {"model": "weighttrackingapi.message", "pk": 18, "fields": {"subject": "Mr. Bratton's weights", "message_body": "Mr. Bratton seems to be", "date_created": "2023-03-22T18:44:42.711Z", "read": false, "deleted": false, "sender": 2}}, {"model": "weighttrackingapi.message", "pk": 21, "fields": {"subject": "3/23 weight sheet complete", "message_body": "Some residents refused again or weren't in their room. ", "date_created": "2023-03-23T19:50:27.888Z", "read": true, "deleted": false, "sender": 3}}, {"model": "weighttrackingapi.message", "pk": 22, "fields": {"subject": "Mr. Bratton's weights", "message_body": "Mr. Bratton in room 103 has refused weight x 2 wks. I met with him today and he seems to have had a change in mental status. He also reports he is bored and angry. He may need a social work or psych consult.", "date_created": "2023-03-23T19:59:18.849Z", "read": false, "deleted": false, "sender": 1}}, {"model": "weighttrackingapi.message", "pk": 23, "fields": {"subject": "Hello!", "message_body": "Hello!", "date_created": "2023-03-23T21:23:02.133Z", "read": false, "deleted": false, "sender": 1}}, {"model": "weighttrackingapi.message", "pk": 24, "fields": {"subject": "Emergency!!!!", "message_body": "fdrtgh\nadsfadsf\nasdfasdsdf\nasdfasdfsdf\nasdfsadfdsaf\nadfsdfsdaf\nasdfasdfsdf", "date_created": "2023-03-23T22:59:36.732Z", "read": false, "deleted": false, "sender": 3}}, {"model": "weighttrackingapi.message", "pk": 25, "fields": {"subject": "Emergency!", "message_body": "Lorem Ipsum is simply dummy text of the printing and typesetting industry. Lorem Ipsum has been the industry's standard dummy text ever since the 1500s, when an unknown printer took a galley of type and scrambled it to make a type specimen book. It has survived not only five centuries, but also the leap into electronic typesetting, remaining essentially unchanged. It was popularised in the 1960s with the release of Letraset sheets containing Lorem Ipsum passages, and more recently with desktop publishing software like Aldus PageMaker including versions of Lorem Ipsum.", "date_created": "2023-03-23T23:00:42.451Z", "read": false, "deleted": false, "sender": 3}}, {"model": "weighttrackingapi.message", "pk": 28, "fields": {"subject": "Mr. Bratton refused wt x 2 wks", "message_body": "Met with Mr. Bratton to investigate. Noticed a change in mental status. ", "date_created": "2023-03-23T23:53:34.644Z", "read": false, "deleted": false, "sender": 1}}, {"model": "weighttrackingapi.message", "pk": 29, "fields": {"subject": "Hello! Welcome to the weight team", "message_body": "Welcome!", "date_created": "2023-03-23T23:54:13.463Z", "read": false, "deleted": false, "sender": 1}}, {"model": "weighttrackingapi.message", "pk": 33, "fields": {"subject": "There I am!", "message_body": "Hello", "date_created": "2023-03-24T00:46:55.578Z", "read": false, "deleted": false, "sender": 1}}, {"model": "weighttrackingapi.message", "pk": 40, "fields": {"subject": "Mr. Bratton", "message_body": "Mr. Bratton has refused wt x 2 wks. ", "date_created": "2023-03-24T03:36:27.602Z", "read": true, "deleted": false, "sender": 1}}, {"model": "weighttrackingapi.message", "pk": 41, "fields": {"subject": "New Message", "message_body": "Hello!", "date_created": "2023-03-24T04:59:37.615Z", "read": true, "deleted": false, "sender": 2}}, {"model": "weighttrackingapi.message", "pk": 42, "fields": {"subject": "Newest message", "message_body": "Hello!", "date_created": "2023-03-24T05:00:26.213Z", "read": true, "deleted": false, "sender": 2}}, {"model": "weighttrackingapi.message", "pk": 44, "fields": {"subject": "Mr. Bratton's wt", "message_body": "Mr. Bratton seems have has a change in mental status", "date_created": "2023-03-24T15:41:29.687Z", "read": true, "deleted": false, "sender": 1}}, {"model": "weighttrackingapi.message", "pk": 48, "fields": {"subject": "Hi there", "message_body": "Yes I got your email!", "date_created": "2023-04-02T03:43:50.834Z", "read": true, "deleted": false, "sender": 1}}, {"model": "weighttrackingapi.message", "pk": 50, "fields": {"subject": "A very long message", "message_body": "Contrary to popular belief, Lorem Ipsum is not simply random text. It has roots in a piece of classical Latin literature from 45 BC, making it over 2000 years old. Richard McClintock, a Latin professor at Hampden-Sydney College in Virginia, looked up one of the more obscure Latin words, consectetur, from a Lorem Ipsum passage, and going through the cites of the word in classical literature, discovered the undoubtable source. Lorem Ipsum comes from sections 1.10.32 and 1.10.33 of \"de Finibus Bonorum et Malorum\" (The Extremes of Good and Evil) by Cicero, written in 45 BC. This book is a treatise on the theory of ethics, very popular during the Renaissance. The first line of Lorem Ipsum, \"Lorem ipsum dolor sit amet..\", comes from a line in section 1.10.32.\nContrary to popular belief, Lorem Ipsum is not simply random text. It has roots in a piece of classical Latin literature from 45 BC, making it over 2000 years old. Richard McClintock, a Latin professor at Hampden-Sydney College in Virginia, looked up one of the more obscure Latin words, consectetur, from a Lorem Ipsum passage, and going through the cites of the word in classical literature, discovered the undoubtable source. Lorem Ipsum comes from sections 1.10.32 and 1.10.33 of \"de Finibus Bonorum et Malorum\" (The Extremes of Good and Evil) by Cicero, written in 45 BC. This book is a treatise on the theory of ethics, very popular during the Renaissance. The first line of Lorem Ipsum, \"Lorem ipsum dolor sit amet..\", comes from a line in section 1.10.32.\nContrary to popular belief, Lorem Ipsum is not simply random text. It has roots in a piece of classical Latin literature from 45 BC, making it over 2000 years old. Richard McClintock, a Latin professor at Hampden-Sydney College in Virginia, looked up one of the more obscure Latin words, consectetur, from a Lorem Ipsum passage, and going through the cites of the word in classical literature, discovered the undoubtable source. Lorem Ipsum comes from sections 1.10.32 and 1.10.33 of \"de Finibus Bonorum et Malorum\" (The Extremes of Good and Evil) by Cicero, written in 45 BC. This book is a treatise on the theory of ethics, very popular during the Renaissance. The first line of Lorem Ipsum, \"Lorem ipsum dolor sit amet..\", comes from a line in section 1.10.32.\n\n\n\n\n\n", "date_created": "2023-04-02T20:25:29.822Z", "read": true, "deleted": false, "sender": 2}}, {"model": "weighttrackingapi.message", "pk": 51, "fields": {"subject": "Get back to work!", "message_body": "You're always on a break...eating! If I see you eating another snack on the job, you'll be fired!", "date_created": "2023-04-02T21:47:45.311Z", "read": true, "deleted": false, "sender": 1}}, {"model": "weighttrackingapi.message", "pk": 53, "fields": {"subject": "Hello!", "message_body": "Hello!", "date_created": "2023-04-04T20:54:22.196Z", "read": false, "deleted": false, "sender": 3}}, {"model": "weighttrackingapi.message", "pk": 54, "fields": {"subject": "Today's Weight Sheet", "message_body": "Hi Doris!\nBesides Mr. Bratton, a few other residents are still missing weights for this week: Mr. Schrute, Ms. Beesly, and Mr. Flenderson. Please weight them and resend as soon as you can. Thanks!", "date_created": "2023-04-04T22:46:30.467Z", "read": true, "deleted": false, "sender": 1}}, {"model": "weighttrackingapi.message", "pk": 55, "fields": {"subject": "", "message_body": "", "date_created": "2023-04-08T23:05:53.243Z", "read": false, "deleted": false, "sender": 1}}, {"model": "weighttrackingapi.message", "pk": 56, "fields": {"subject": "", "message_body": "", "date_created": "2023-04-08T23:13:02.757Z", "read": false, "deleted": false, "sender": 2}}, {"model": "weighttrackingapi.message", "pk": 57, "fields": {"subject": "", "message_body": "", "date_created": "2023-04-08T23:14:20.739Z", "read": false, "deleted": false, "sender": 2}}, {"model": "weighttrackingapi.message", "pk": 58, "fields": {"subject": "", "message_body": "", "date_created": "2023-04-08T23:15:11.574Z", "read": false, "deleted": false, "sender": 2}}, {"model": "weighttrackingapi.message", "pk": 59, "fields": {"subject": "", "message_body": "", "date_created": "2023-04-08T23:28:44.610Z", "read": false, "deleted": false, "sender": 2}}, {"model": "weighttrackingapi.message", "pk": 60, "fields": {"subject": "Don't take MDS's home!", "message_body": "Don't do it! ", "date_created": "2023-04-09T02:10:13.934Z", "read": true, "deleted": false, "sender": 3}}, {"model": "weighttrackingapi.message", "pk": 61, "fields": {"subject": "Weekly weight sheet complete", "message_body": "The weekly weight sheet has been completed. ", "date_created": "2023-04-16T16:28:22.105Z", "read": true, "deleted": false, "sender": 3}}, {"model": "weighttrackingapi.message", "pk": 62, "fields": {"subject": "", "message_body": "", "date_created": "2023-04-18T18:03:48.644Z", "read": false, "deleted": false, "sender": 1}}, {"model": "weighttrackingapi.message", "pk": 63, "fields": {"subject": "The song", "message_body": "This is the song that doesn't end", "date_created": "2023-04-18T22:22:44.209Z", "read": true, "deleted": false, "sender": 3}}, {"model": "weighttrackingapi.message", "pk": 64, "fields": {"subject": "Technical issues fixed", "message_body": "Web dev team fixed the issues.", "date_created": "2023-04-18T22:25:17.165Z", "read": true, "deleted": false, "sender": 1}}, {"model": "weighttrackingapi.message", "pk": 65, "fields": {"subject": "4/18 weight sheet complete", "message_body": "Hello,\nI completed the weekly weight sheet", "date_created": "2023-04-19T01:14:09.654Z", "read": false, "deleted": false, "sender": 3}}, {"model": "weighttrackingapi.message", "pk": 66, "fields": {"subject": "4/18 wt sheet complete", "message_body": "Wt sheet complete. Mr. Bratton refused wt again this week", "date_created": "2023-04-19T01:27:00.254Z", "read": false, "deleted": false, "sender": 3}}, {"model": "weighttrackingapi.message", "pk": 67, "fields": {"subject": "4/18 wt sheet complete", "message_body": "Weekly wt sheet complete. Mr. Bratton refused wt again this week", "date_created": "2023-04-19T01:30:31.572Z", "read": true, "deleted": false, "sender": 3}}, {"model": "weighttrackingapi.message", "pk": 68, "fields": {"subject": "Mr. Bratton refused wt x 2 wks", "message_body": "Met with resident. Appears depressed and anxious. May benefit from a psych consult", "date_created": "2023-04-19T01:38:20.446Z", "read": false, "deleted": false, "sender": 1}}, {"model": "weighttrackingapi.message", "pk": 69, "fields": {"subject": "4/18 wt sheet complete", "message_body": "Weekly wt sheet complete. Mr. Bratton refused wt this week", "date_created": "2023-04-19T01:53:12.598Z", "read": true, "deleted": false, "sender": 3}}, {"model": "weighttrackingapi.message", "pk": 70, "fields": {"subject": "Mr. Bratton", "message_body": "Mr. Bratton refused wt x 2 wks. Concerned about possible wt loss. Resident appears depressed and anxious. May benefit from psych consult", "date_created": "2023-04-19T01:55:12.976Z", "read": true, "deleted": false, "sender": 1}}, {"model": "weighttrackingapi.message", "pk": 71, "fields": {"subject": "4/18 wt sheet complete", "message_body": "Mr. Bratton refused wt again ", "date_created": "2023-04-19T02:08:02.318Z", "read": true, "deleted": false, "sender": 3}}, {"model": "weighttrackingapi.message", "pk": 72, "fields": {"subject": "Mr. Bratton", "message_body": "Mr. Bratton refused wt x 2 wks. Will meet with him to investigate", "date_created": "2023-04-19T02:09:24.814Z", "read": true, "deleted": false, "sender": 1}}, {"model": "weighttrackingapi.message", "pk": 73, "fields": {"subject": "4/19 wt sheet complete", "message_body": "Mr. Bratton refused his wt again this week", "date_created": "2023-04-19T22:30:07.856Z", "read": true, "deleted": false, "sender": 3}}, {"model": "weighttrackingapi.message", "pk": 74, "fields": {"subject": "4/19 wt sheet complete", "message_body": "Mr. Bratton refused his weight again this week", "date_created": "2023-04-19T22:37:33.248Z", "read": true, "deleted": false, "sender": 3}}, {"model": "weighttrackingapi.message", "pk": 75, "fields": {"subject": "Mr. Bratton", "message_body": "Mr. Bratton has refused wt x 2 wks. Will meet with him to investigate", "date_created": "2023-04-19T22:39:50.569Z", "read": true, "deleted": false, "sender": 1}}, {"model": "weighttrackingapi.message", "pk": 76, "fields": {"subject": "5/25 Weightsheet done!", "message_body": "", "date_created": "2023-05-26T00:16:07.142Z", "read": true, "deleted": false, "sender": 3}}, {"model": "weighttrackingapi.employeemessage", "pk": 7, "fields": {"sender": 1, "recipient": 3, "message": 9}}, {"model": "weighttrackingapi.employeemessage", "pk": 59, "fields": {"sender": 1, "recipient": 2, "message": 40}}, {"model": "weighttrackingapi.employeemessage", "pk": 62, "fields": {"sender": 2, "recipient": 2, "message": 42}}, {"model": "weighttrackingapi.employeemessage", "pk": 78, "fields": {"sender": 1, "recipient": 3, "message": 54}}, {"model": "weighttrackingapi.employeemessage", "pk": 81, "fields": {"sender": 3, "recipient": 2, "message": 61}}, {"model": "weighttrackingapi.employeemessage", "pk": 83, "fields": {"sender": 1, "recipient": 4, "message": 64}}, {"model": "weighttrackingapi.employeemessage", "pk": 89, "fields": {"sender": 3, "recipient": 2, "message": 67}}, {"model": "weighttrackingapi.employeemessage", "pk": 97, "fields": {"sender": 1, "recipient": 40, "message": 72}}, {"model": "weighttrackingapi.employeemessage", "pk": 99, "fields": {"sender": 3, "recipient": 2, "message": 73}}, {"model": "weighttrackingapi.employeemessage", "pk": 100, "fields": {"sender": 3, "recipient": 1, "message": 74}}, {"model": "weighttrackingapi.employeemessage", "pk": 101, "fields": {"sender": 1, "recipient": 4, "message": 75}}, {"model": "weighttrackingapi.employeemessage", "pk": 102, "fields": {"sender": 1, "recipient": 40, "message": 75}}, {"model": "weighttrackingapi.employeemessage", "pk": 103, "fields": {"sender": 3, "recipient": 1, "message": 76}}, {"model": "weighttrackingapi.employeemessage", "pk": 104, "fields": {"sender": 3, "recipient": 2, "message": 76}}]